CodeName	Genus	Category	SpeciesID	SpeciesAbbr	ORF	Protein	From	RefStart	RefEnd	GenusAlignStart	GenusAlignEnd	SpeciesAlignStart	SpeciesAlignEnd	Peptide
FAV_000000	11019	SW	11020	BFV	NSP		11020_BFV_NSP	0	30	0	55			MAKPVVKIDVEPESHFAKQVQSCFPQFEIE
FAV_000001	11019	SW	11020	BFV	NSP		11020_BFV_NSP	970	1000	1008	1038			PPRGHYTATIAEWEAEHQGIMKAIQGYAPP
FAV_000002	11019	SW	11020	BFV	NSP		11020_BFV_NSP	991	1021	1029	1059			KAIQGYAPPVNTFMNKVNVCWAKTLTPVLE
FAV_000003	11019	SW	11020	BFV	NSP		11020_BFV_NSP	80	110	105	139			HCVCPMKCTEDPERMLGYARKLIAGSAKGK
FAV_000004	11019	SW	11020	BFV	NSP		11020_BFV_NSP	1012	1042	1050	1080			AKTLTPVLETAGISLSAEDWSELLPPFAQD
FAV_000005	11019	SW	11020	BFV	NSP		11020_BFV_NSP	1033	1063	1071	1101			ELLPPFAQDVAYSPEVALNIICTKMYGFDL
FAV_000006	11019	SW	11020	BFV	NSP		11020_BFV_NSP	1054	1084	1092	1129			CTKMYGFDLDTGLFSKPSVPMTYTKDHWDN
FAV_000007	11019	SW	11020	BFV	NSP		11020_BFV_NSP	1075	1105	1113	1150			TYTKDHWDNRVGGKMYGFSQQAYDQLARRH
FAV_000008	11019	SW	11020	BFV	NSP		11020_BFV_NSP	1089	1119	1134	1164			MYGFSQQAYDQLARRHPYLRGREKSGMQIV
FAV_000009	11019	SW	11020	BFV	NSP		11020_BFV_NSP	1110	1140	1155	1185			REKSGMQIVVTEMRIQRPRSDANIIPINRR
FAV_000010	11019	SW	11020	BFV	NSP		11020_BFV_NSP	1131	1161	1176	1206			ANIIPINRRLPHSLVATHEYRRAARAEEFF
FAV_000011	11019	SW	11020	BFV	NSP		11020_BFV_NSP	1152	1182	1197	1227			RAARAEEFFTTIRGYTMLLVSEYNMNLPNK
FAV_000012	11019	SW	11020	BFV	NSP		11020_BFV_NSP	1173	1203	1218	1248			EYNMNLPNKKITWLAPIGTQGAHHTANLNL
FAV_000013	11019	SW	11020	BFV	NSP		11020_BFV_NSP	1194	1224	1239	1269			AHHTANLNLGIPPLLGSFDVVVVNMPTPFR
FAV_000014	11019	SW	11020	BFV	NSP		11020_BFV_NSP	101	131	126	160			LIAGSAKGKAEKLRDLRDVLATPDIETQSL
FAV_000015	11019	SW	11020	BFV	NSP		11020_BFV_NSP	1215	1245	1260	1290			VVNMPTPFRNHHYQQCEDHAMKLQMLAGDA
FAV_000016	11019	SW	11020	BFV	NSP		11020_BFV_NSP	1236	1266	1281	1311			KLQMLAGDALRHIKPGGSLWVKAYGYADRH
FAV_000017	11019	SW	11020	BFV	NSP		11020_BFV_NSP	1257	1287	1302	1332			KAYGYADRHSEHVVLALARKFKSFRVTQPS
FAV_000018	11019	SW	11020	BFV	NSP		11020_BFV_NSP	1278	1308	1323	1354			KSFRVTQPSCVTSNTEVFLHFSIFDNGKRA
FAV_000019	11019	SW	11020	BFV	NSP		11020_BFV_NSP	1299	1329	1344	1376			SIFDNGKRAIALHSANRKANSIFQNTFLPA
FAV_000020	11019	SW	11020	BFV	NSP		11020_BFV_NSP	1319	1349	1365	1396			SIFQNTFLPAGNAPAYRVKRGDISNAPEDA
FAV_000021	11019	SW	11020	BFV	NSP		11020_BFV_NSP	1339	1369	1386	1416			GDISNAPEDAVVNAANQQGVKGAGVCGAIY
FAV_000022	11019	SW	11020	BFV	NSP		11020_BFV_NSP	1360	1390	1407	1437			GAGVCGAIYRKWPDAFGDVATPTGTAVSKS
FAV_000023	11019	SW	11020	BFV	NSP		11020_BFV_NSP	1381	1411	1428	1458			PTGTAVSKSVQDKLVIHAVGPNFSKCSEEE
FAV_000024	11019	SW	11020	BFV	NSP		11020_BFV_NSP	1402	1432	1449	1479			NFSKCSEEEGDRDLASAYRAAAEIVMEKKI
FAV_000025	11019	SW	11020	BFV	NSP		11020_BFV_NSP	118	148	147	177			DVLATPDIETQSLCLHTDASCRYRGDVAVY
FAV_000026	11019	SW	11020	BFV	NSP		11020_BFV_NSP	1423	1453	1470	1500			AEIVMEKKITTVAVPLLSTGIYAGGKNRVE
FAV_000027	11019	SW	11020	BFV	NSP		11020_BFV_NSP	1444	1474	1491	1521			YAGGKNRVEQSLNHLFTAFDNTDADVTIYC
FAV_000028	11019	SW	11020	BFV	NSP		11020_BFV_NSP	1465	1495	1512	1545			TDADVTIYCMDKTWEKKIKEAIDHRTSVEM
FAV_000029	11019	SW	11020	BFV	NSP		11020_BFV_NSP	1486	1516	1533	1570			IDHRTSVEMVQDDVQLEEELVRVHPLSSLA
FAV_000030	11019	SW	11020	BFV	NSP		11020_BFV_NSP	1502	1532	1554	1586			EEELVRVHPLSSLAGRKGYSTDSGRVFSYL
FAV_000031	11019	SW	11020	BFV	NSP		11020_BFV_NSP	1521	1551	1575	1605			STDSGRVFSYLEGTKFHQTAVDIAEMQVLW
FAV_000032	11019	SW	11020	BFV	NSP		11020_BFV_NSP	1542	1572	1596	1626			DIAEMQVLWPALKESNEQIVAYTLGESMDQ
FAV_000033	11019	SW	11020	BFV	NSP		11020_BFV_NSP	1563	1593	1617	1647			YTLGESMDQIRGKCPTEDTDASTPPRTVPC
FAV_000034	11019	SW	11020	BFV	NSP		11020_BFV_NSP	1584	1614	1638	1668			STPPRTVPCLCRYAMTPERVYRLKCTNTTQ
FAV_000035	11019	SW	11020	BFV	NSP		11020_BFV_NSP	1605	1635	1659	1689			RLKCTNTTQFTVCSSFELPKYHIQGVQRVK
FAV_000036	11019	SW	11020	BFV	NSP		11020_BFV_NSP	139	169	168	198			RYRGDVAVYQDVYAIDAPTTLYHQALKGVR
FAV_000037	11019	SW	11020	BFV	NSP		11020_BFV_NSP	1626	1656	1680	1710			HIQGVQRVKCERIIILDPTVPPTYKRPCIR
FAV_000038	11019	SW	11020	BFV	NSP		11020_BFV_NSP	1647	1677	1701	1842			PTYKRPCIRRYPSTISCNSSEDSRSLSTFS
FAV_000039	11019	SW	11020	BFV	NSP		11020_BFV_NSP	1661	1691	1722	1965			ISCNSSEDSRSLSTFSVSSDSSIGSVTVGD
FAV_000040	11019	SW	11020	BFV	NSP		11020_BFV_NSP	1670	1700	1827	2025			RSLSTFSVSSDSSIGSVTVGDTRPIPAPRT
FAV_000041	11019	SW	11020	BFV	NSP		11020_BFV_NSP	1679	1709	1848	2048			SDSSIGSVTVGDTRPIPAPRTVFRPVPAPR
FAV_000042	11019	SW	11020	BFV	NSP		11020_BFV_NSP	160	190	189	219			YHQALKGVRTAYWIGFDTTPFMYNALAGAY
FAV_000043	11019	SW	11020	BFV	NSP		11020_BFV_NSP	1691	1721	1974	2072			TRPIPAPRTVFRPVPAPRAPVLRITPPPKP
FAV_000044	11019	SW	11020	BFV	NSP		11020_BFV_NSP	1696	1726	2016	2077			APRTVFRPVPAPRAPVLRITPPPKPPRTFT
FAV_000045	11019	SW	11020	BFV	NSP		11020_BFV_NSP	1703	1733	2037	2094			PVPAPRAPVLRITPPPKPPRTFTVRAEVHQ
FAV_000046	11019	SW	11020	BFV	NSP		11020_BFV_NSP	1712	1742	2058	2104			LRITPPPKPPRTFTVRAEVHQAPPTPVPPP
FAV_000047	11019	SW	11020	BFV	NSP		11020_BFV_NSP	1726	1756	2079	2118			VRAEVHQAPPTPVPPPRPKRAAKLAREMHP
FAV_000048	11019	SW	11020	BFV	NSP		11020_BFV_NSP	181	211	210	240			MYNALAGAYPLYSTNWADEQVLESRNIGLC
FAV_000049	11019	SW	11020	BFV	NSP		11020_BFV_NSP	1738	1768	2100	2130			VPPPRPKRAAKLAREMHPGFTFGDFGEHEI
FAV_000050	11019	SW	11020	BFV	NSP		11020_BFV_NSP	1759	1789	2121	2157			FGDFGEHEIEELTAAPLTFGDFAEGEIQGT
FAV_000051	11019	SW	11020	BFV	NSP		11020_BFV_NSP	1798	1828	2184	2215			AGGYIFSSDTGPGHLQQRSVLQNCTAECIY
FAV_000052	11019	SW	11020	BFV	NSP		11020_BFV_NSP	1818	1848	2205	2235			LQNCTAECIYEPAKLEKIHAPKLDKTKEDI
FAV_000053	11019	SW	11020	BFV	NSP		11020_BFV_NSP	1839	1869	2226	2256			KLDKTKEDILRSKYQMKPSEANKSRYQSRK
FAV_000054	11019	SW	11020	BFV	NSP		11020_BFV_NSP	1860	1890	2247	2277			NKSRYQSRKVENMKAEIVGRLLDGLGEYLG
FAV_000055	11019	SW	11020	BFV	NSP		11020_BFV_NSP	1881	1911	2268	2299			LDGLGEYLGTEHPVECYRITYPAPIYSTSI
FAV_000056	11019	SW	11020	BFV	NSP		11020_BFV_NSP	1901	1931	2289	2319			YPAPIYSTSIRRGLSSAKTAVRACNAFLEA
FAV_000057	11019	SW	11020	BFV	NSP		11020_BFV_NSP	202	232	231	261			LESRNIGLCSDKVSEGGKKGRSILRKKFLK
FAV_000058	11019	SW	11020	BFV	NSP		11020_BFV_NSP	1922	1952	2310	2340			RACNAFLEANFPSVTSYKITDEYDAYLDMV
FAV_000059	11019	SW	11020	BFV	NSP		11020_BFV_NSP	1943	1973	2331	2361			EYDAYLDMVDGSESCLDRSSFSPSRLRSFP
FAV_000060	11019	SW	11020	BFV	NSP		11020_BFV_NSP	1964	1994	2352	2382			SPSRLRSFPKTHSYLDPQINSAVPSPFQNT
FAV_000061	11019	SW	11020	BFV	NSP		11020_BFV_NSP	1985	2015	2373	2403			AVPSPFQNTLQNVLAAATKRNCNVTQMREL
FAV_000062	11019	SW	11020	BFV	NSP		11020_BFV_NSP	2006	2036	2394	2424			CNVTQMRELPTYDSAVLNVEAFRKYACKPD
FAV_000063	11019	SW	11020	BFV	NSP		11020_BFV_NSP	2027	2057	2415	2445			FRKYACKPDVWDEYRDNPICITTENVTTYV
FAV_000064	11019	SW	11020	BFV	NSP		11020_BFV_NSP	2048	2078	2436	2466			TTENVTTYVAKLKGPKAAALFAKTHNLIPL
FAV_000065	11019	SW	11020	BFV	NSP		11020_BFV_NSP	2069	2099	2457	2487			AKTHNLIPLHQVPMDKFTVDMKRDVKVTPG
FAV_000066	11019	SW	11020	BFV	NSP		11020_BFV_NSP	2090	2120	2478	2508			KRDVKVTPGTKHTEERPKVQVIQAAEPLAT
FAV_000067	11019	SW	11020	BFV	NSP		11020_BFV_NSP	2111	2141	2499	2529			IQAAEPLATAYLCGIHRELVRRLNNALFPN
FAV_000068	11019	SW	11020	BFV	NSP		11020_BFV_NSP	223	253	252	282			SILRKKFLKQSDRVMFSVGSTLYTESRKLL
FAV_000069	11019	SW	11020	BFV	NSP		11020_BFV_NSP	2132	2162	2520	2550			RLNNALFPNIHTLFDMSAEDFDAIIAEHFK
FAV_000070	11019	SW	11020	BFV	NSP		11020_BFV_NSP	2153	2183	2541	2571			DAIIAEHFKHGDHVLETDIASFDKSQDDSM
FAV_000071	11019	SW	11020	BFV	NSP		11020_BFV_NSP	2174	2204	2562	2592			FDKSQDDSMALTALMILEDLGVDQNLMNLI
FAV_000072	11019	SW	11020	BFV	NSP		11020_BFV_NSP	2195	2225	2583	2613			VDQNLMNLIEAAFGEIVSTHLPTGTRFRFG
FAV_000073	11019	SW	11020	BFV	NSP		11020_BFV_NSP	2216	2246	2604	2634			PTGTRFRFGAMMKSGMFLTLFVNTILNVVI
FAV_000074	11019	SW	11020	BFV	NSP		11020_BFV_NSP	2237	2267	2625	2655			VNTILNVVIACRVLEDQLAQSPCAAFIGDD
FAV_000075	11019	SW	11020	BFV	NSP		11020_BFV_NSP	2258	2288	2646	2676			PCAAFIGDDNIIHGIISDKLMADRCATWMN
FAV_000076	11019	SW	11020	BFV	NSP		11020_BFV_NSP	2279	2309	2667	2697			ADRCATWMNMEVKILDSIVGIRPPYFCGGF
FAV_000077	11019	SW	11020	BFV	NSP		11020_BFV_NSP	2300	2330	2688	2718			RPPYFCGGFIVCDDVTGTACRVADPLKRLF
FAV_000078	11019	SW	11020	BFV	NSP		11020_BFV_NSP	2321	2351	2709	2739			VADPLKRLFKLGKPLPLDDGQDEDRRRALH
FAV_000079	11019	SW	11020	BFV	NSP		11020_BFV_NSP	244	274	273	303			LYTESRKLLQSWHLPSTFHLKGKSSFTCRC
FAV_000080	11019	SW	11020	BFV	NSP		11020_BFV_NSP	2342	2372	2730	2760			DEDRRRALHDEVKTWSRVGLRHRVCEAIED
FAV_000081	11019	SW	11020	BFV	NSP		11020_BFV_NSP	2363	2393	2751	2781			HRVCEAIEDRYAVHSSELVLLALTTLSKNL
FAV_000082	11019	SW	11020	BFV	NSP		11020_BFV_NSP	2381	2411	2770	2801			VLLALTTLSKNLKSFRNIRGKPIHLYGGPK
FAV_000083	11019	SW	11020	BFV	NSP		11020_BFV_NSP	265	295	294	324			GKSSFTCRCDTIVSCEGYVLKKITMCPGVT
FAV_000084	11019	SW	11020	BFV	NSP		11020_BFV_NSP	286	316	315	345			KITMCPGVTGKPIGYAVTHHKEGFVVGKVT
FAV_000085	11019	SW	11020	BFV	NSP		11020_BFV_NSP	307	337	336	366			EGFVVGKVTDTIRGERVSFAVCTYVPTTLC
FAV_000086	11019	SW	11020	BFV	NSP		11020_BFV_NSP	328	358	357	387			CTYVPTTLCDQMTGILATEVTADDAQKLLV
FAV_000087	11019	SW	11020	BFV	NSP		11020_BFV_NSP	349	379	378	408			ADDAQKLLVGLNQRIVVNGRTQRNTNTMKN
FAV_000088	11019	SW	11020	BFV	NSP		11020_BFV_NSP	370	400	399	429			QRNTNTMKNYLLPLVAQALAKWAKEAKQDM
FAV_000089	11019	SW	11020	BFV	NSP		11020_BFV_NSP	17	47	42	72			KQVQSCFPQFEIEAVQTTPNDHAHARAFSH
FAV_000090	11019	SW	11020	BFV	NSP		11020_BFV_NSP	391	421	420	450			WAKEAKQDMEDERPLNERQRTLTCLCCWAF
FAV_000091	11019	SW	11020	BFV	NSP		11020_BFV_NSP	412	442	441	471			LTCLCCWAFKRNKRHAIYKRPDTQSIVKVP
FAV_000092	11019	SW	11020	BFV	NSP		11020_BFV_NSP	433	463	462	492			DTQSIVKVPCEFTSFPLVSLWSAGMSISLR
FAV_000093	11019	SW	11020	BFV	NSP		11020_BFV_NSP	454	484	483	513			SAGMSISLRQKLKMMLQARQPTQIAAVTEE
FAV_000094	11019	SW	11020	BFV	NSP		11020_BFV_NSP	475	505	504	534			TQIAAVTEELIQEAAAAEQEAVDTANAELD
FAV_000095	11019	SW	11020	BFV	NSP		11020_BFV_NSP	496	526	525	561			VDTANAELDHAAWPSIVDTTERHVEVEVEE
FAV_000096	11019	SW	11020	BFV	NSP		11020_BFV_NSP	514	544	546	579			TTERHVEVEVEELDQRAGEGVVETPRNSIK
FAV_000097	11019	SW	11020	BFV	NSP		11020_BFV_NSP	532	562	567	597			EGVVETPRNSIKVSTQIGDALIGSYLILSP
FAV_000098	11019	SW	11020	BFV	NSP		11020_BFV_NSP	553	583	588	618			IGSYLILSPQAVLRSEKLACIHDLAEQVKL
FAV_000099	11019	SW	11020	BFV	NSP		11020_BFV_NSP	574	604	609	639			HDLAEQVKLVTHSGRSGRYAVDKYDGRVLV
FAV_000100	11019	SW	11020	BFV	NSP		11020_BFV_NSP	38	68	63	93			HAHARAFSHLATKLIEMETAKDQIILDIGS
FAV_000101	11019	SW	11020	BFV	NSP		11020_BFV_NSP	595	625	630	660			DKYDGRVLVPTGVAIDIQSFQALSESATLV
FAV_000102	11019	SW	11020	BFV	NSP		11020_BFV_NSP	616	646	651	681			ALSESATLVYNEREFVNRKLWHIAVYGAAL
FAV_000103	11019	SW	11020	BFV	NSP		11020_BFV_NSP	637	667	672	702			HIAVYGAALNTDEEGYEKVPVERAESDYVF
FAV_000104	11019	SW	11020	BFV	NSP		11020_BFV_NSP	658	688	693	723			ERAESDYVFDVDKKMCLKKEQASGWVLCGE
FAV_000105	11019	SW	11020	BFV	NSP		11020_BFV_NSP	679	709	714	744			ASGWVLCGELVNPPFHEFAYEGLRTRPSAP
FAV_000106	11019	SW	11020	BFV	NSP		11020_BFV_NSP	700	730	735	765			GLRTRPSAPYKVHTVGVYGVPGSGKSAIIK
FAV_000107	11019	SW	11020	BFV	NSP		11020_BFV_NSP	721	751	756	786			GSGKSAIIKNTVTMSDLVLSGKKENCLEIM
FAV_000108	11019	SW	11020	BFV	NSP		11020_BFV_NSP	742	772	777	807			KKENCLEIMNDVLKHRALRITAKTVDSVLL
FAV_000109	11019	SW	11020	BFV	NSP		11020_BFV_NSP	763	793	798	828			AKTVDSVLLNGVKHTPNILYIDEAFSCHAG
FAV_000110	11019	SW	11020	BFV	NSP		11020_BFV_NSP	784	814	819	849			DEAFSCHAGTLLATIALVRPKQKVVLCGDP
FAV_000111	11019	SW	11020	BFV	NSP		11020_BFV_NSP	59	89	84	114			DQIILDIGSAPARRLYSEHKYHCVCPMKCT
FAV_000112	11019	SW	11020	BFV	NSP		11020_BFV_NSP	805	835	840	873			QKVVLCGDPKQCGFFNMMQLKVNYNHDICS
FAV_000113	11019	SW	11020	BFV	NSP		11020_BFV_NSP	826	856	861	894			VNYNHDICSEVFHKSISRRCTQDITAIVSK
FAV_000114	11019	SW	11020	BFV	NSP		11020_BFV_NSP	844	874	882	912			RCTQDITAIVSKLHYQDRMRTTNPRKGDII
FAV_000115	11019	SW	11020	BFV	NSP		11020_BFV_NSP	865	895	903	933			TNPRKGDIIIDTTGTTKPAKTDLILTCFRG
FAV_000116	11019	SW	11020	BFV	NSP		11020_BFV_NSP	886	916	924	954			DLILTCFRGWVKQLQQDYRGNEVMTAAASQ
FAV_000117	11019	SW	11020	BFV	NSP		11020_BFV_NSP	907	937	945	975			EVMTAAASQGLTRASVYAVRTKVNENPLYA
FAV_000118	11019	SW	11020	BFV	NSP		11020_BFV_NSP	928	958	966	996			KVNENPLYAQTSEHVNVLLTRTENKLVWKT
FAV_000119	11019	SW	11020	BFV	NSP		11020_BFV_NSP	949	979	987	1017			TENKLVWKTLSTDPWIKTLTNPPRGHYTAT
FAV_002280	11019	SW	11020	BFV	SP		11020_BFV_SP	0	30	0	44			MDFIPTQTFYGRRWRPAPVQRYIPQPQPPA
FAV_002281	11019	SW	11020	BFV	SP		11020_BFV_SP	939	969	1008	1039			LNQTVDVFVNGDSPARIQQSKFILGPISSA
FAV_002282	11019	SW	11020	BFV	SP		11020_BFV_SP	959	989	1029	1059			KFILGPISSAWSPFDHKVIVYRDEVYNEDY
FAV_002283	11019	SW	11020	BFV	SP		11020_BFV_SP	58	88	105	144			QKRAQKKPKKTPPPKPKKTQKPKKPTQKKK
FAV_002284	11019	SW	11020	BFV	SP		11020_BFV_SP	980	1010	1050	1080			RDEVYNEDYAPYGSGQAGRFGDIQSRTVNS
FAV_002285	11019	SW	11020	BFV	SP		11020_BFV_SP	1001	1031	1071	1101			DIQSRTVNSTDVYANTNLKLKRPASGNVHV
FAV_002286	11019	SW	11020	BFV	SP		11020_BFV_SP	1022	1052	1092	1122			RPASGNVHVPYTQTPSGFSYWKKEKGVPLN
FAV_002287	11019	SW	11020	BFV	SP		11020_BFV_SP	1043	1073	1113	1143			KKEKGVPLNRNAPFGCVIKVNPVRAENCVY
FAV_002288	11019	SW	11020	BFV	SP		11020_BFV_SP	1064	1094	1134	1164			PVRAENCVYGNIPISMDIADAHFTRIDESP
FAV_002289	11019	SW	11020	BFV	SP		11020_BFV_SP	1085	1115	1155	1185			HFTRIDESPSVSLKACEVQSCTYSSDFGGV
FAV_002290	11019	SW	11020	BFV	SP		11020_BFV_SP	1106	1136	1176	1206			TYSSDFGGVASISYTSNKVGKCAIHSHSNS
FAV_002291	11019	SW	11020	BFV	SP		11020_BFV_SP	1127	1157	1197	1235			CAIHSHSNSATMKDSVQDVQESGALSLFFA
FAV_002292	11019	SW	11020	BFV	SP		11020_BFV_SP	1148	1178	1218	1256			SGALSLFFATSSVEPNFVVQVCNARITCHG
FAV_002293	11019	SW	11020	BFV	SP		11020_BFV_SP	1161	1191	1239	1269			EPNFVVQVCNARITCHGKCEPPKDHIVPYA
FAV_002294	11019	SW	11020	BFV	SP		11020_BFV_SP	77	107	126	163			QKPKKPTQKKKSKPGKRMRNCMKIENDCIF
FAV_002295	11019	SW	11020	BFV	SP		11020_BFV_SP	1182	1212	1260	1290			PKDHIVPYAAKHNDAEFPSISTTAWQWLAH
FAV_002296	11019	SW	11020	BFV	SP		11020_BFV_SP	1209	1239	1288	1319			LAHTTSGPLTILVVAIIVVVVVSIVVCARH
FAV_002297	11019	SW	11020	BFV	SP		11020_BFV_SP	91	121	147	178			GKRMRNCMKIENDCIFPVMLDGKVNGYACL
FAV_002298	11019	SW	11020	BFV	SP		11020_BFV_SP	111	141	168	198			DGKVNGYACLVGDKVMKPAHVKGTIDNPEL
FAV_002299	11019	SW	11020	BFV	SP		11020_BFV_SP	132	162	189	219			KGTIDNPELAKLTFKKSSKYDLECAQVPVC
FAV_002300	11019	SW	11020	BFV	SP		11020_BFV_SP	9	39	21	64			YGRRWRPAPVQRYIPQPQPPAPLRRRRGPS
FAV_002301	11019	SW	11020	BFV	SP		11020_BFV_SP	153	183	210	240			LECAQVPVCMKSDASKFTHEKPEGHYNWHH
FAV_002302	11019	SW	11020	BFV	SP		11020_BFV_SP	174	204	231	261			PEGHYNWHHGAVQFSNGRFTIPTGSGKPGD
FAV_002303	11019	SW	11020	BFV	SP		11020_BFV_SP	195	225	252	282			PTGSGKPGDSGRPIFDNTGKVVAIVLGGAN
FAV_002304	11019	SW	11020	BFV	SP		11020_BFV_SP	216	246	273	304			VAIVLGGANEGARTALSVVTWNKDMVTRIT
FAV_002305	11019	SW	11020	BFV	SP		11020_BFV_SP	237	267	294	325			NKDMVTRITPEESVEWSAAALNITALCVLQ
FAV_002306	11019	SW	11020	BFV	SP		11020_BFV_SP	257	287	315	345			LNITALCVLQNLSFPCDAPPCAPCCYEKDP
FAV_002307	11019	SW	11020	BFV	SP		11020_BFV_SP	278	308	336	366			APCCYEKDPAGTLRLLSDHYYHPKYYDLLD
FAV_002308	11019	SW	11020	BFV	SP		11020_BFV_SP	299	329	357	388			HPKYYDLLDSMMHCPQGRRPKRSVAHFEAY
FAV_002309	11019	SW	11020	BFV	SP		11020_BFV_SP	320	350	378	409			RSVAHFEAYKATRPYIGWCADCGLAGSCPS
FAV_002310	11019	SW	11020	BFV	SP		11020_BFV_SP	340	370	399	429			DCGLAGSCPSPVSIEHVWSDADDGVLKIQV
FAV_002311	11019	SW	11020	BFV	SP		11020_BFV_SP	28	58	42	105			PAPLRRRRGPSQLQQLVAALGALALQPKQK
FAV_002312	11019	SW	11020	BFV	SP		11020_BFV_SP	361	391	420	453			DDGVLKIQVSMQIGIAKSNTINHAKIRYMG
FAV_002313	11019	SW	11020	BFV	SP		11020_BFV_SP	382	412	441	474			NHAKIRYMGANGVQEAERSTLSVSTTAPCD
FAV_002314	11019	SW	11020	BFV	SP		11020_BFV_SP	400	430	462	492			STLSVSTTAPCDILATMGHFILARCRPGSQ
FAV_002315	11019	SW	11020	BFV	SP		11020_BFV_SP	421	451	483	515			LARCRPGSQVEVSLSTDPKLLCRTPFSHKP
FAV_002316	11019	SW	11020	BFV	SP		11020_BFV_SP	440	470	504	534			LLCRTPFSHKPRFIGNEKSPAPTGHKTRIP
FAV_002317	11019	SW	11020	BFV	SP		11020_BFV_SP	461	491	525	555			PTGHKTRIPCKTYSHQTDLTREEITMHVPP
FAV_002318	11019	SW	11020	BFV	SP		11020_BFV_SP	482	512	546	577			EEITMHVPPDVPIQGLVSNTGKSYSLDPKT
FAV_002319	11019	SW	11020	BFV	SP		11020_BFV_SP	503	533	567	598			KSYSLDPKTKTIKYKCTCGETVKEGTATNK
FAV_002320	11019	SW	11020	BFV	SP		11020_BFV_SP	523	553	588	618			TVKEGTATNKITLFNCDTAPKCITYAVDNT
FAV_002321	11019	SW	11020	BFV	SP		11020_BFV_SP	544	574	609	640			CITYAVDNTVWQYNSQYVPRSEVTEVKGKI
FAV_002322	11019	SW	11020	BFV	SP		11020_BFV_SP	38	68	63	116			SQLQQLVAALGALALQPKQKQKRAQKKPKK
FAV_002323	11019	SW	11020	BFV	SP		11020_BFV_SP	564	594	630	660			SEVTEVKGKIHVPFPLTDSTCAVSVAPEPQ
FAV_002324	11019	SW	11020	BFV	SP		11020_BFV_SP	585	615	651	681			AVSVAPEPQVTYRLGEVEFHFHPMYPTLFS
FAV_002325	11019	SW	11020	BFV	SP		11020_BFV_SP	606	636	672	702			HPMYPTLFSIRSLGKDPNHSQEWIDTPMSK
FAV_002326	11019	SW	11020	BFV	SP		11020_BFV_SP	627	657	693	723			EWIDTPMSKTIQVGAEGVEYVWGNNNPVRL
FAV_002327	11019	SW	11020	BFV	SP		11020_BFV_SP	648	678	714	744			WGNNNPVRLWAQKSSSSSAHGNPISIVSHY
FAV_002328	11019	SW	11020	BFV	SP		11020_BFV_SP	669	699	735	765			NPISIVSHYYDLYPYWTITVLASLGLLIVI
FAV_002329	11019	SW	11020	BFV	SP		11020_BFV_SP	690	720	756	786			ASLGLLIVISSGLSCFLCSVARTKCLTPYQ
FAV_002330	11019	SW	11020	BFV	SP		11020_BFV_SP	711	741	777	807			RTKCLTPYQLAPGAQLPTFIALLCCAKSAR
FAV_002331	11019	SW	11020	BFV	SP		11020_BFV_SP	732	762	798	829			LLCCAKSARADTLDDFSYLWTNNQAMFWLQ
FAV_002332	11019	SW	11020	BFV	SP		11020_BFV_SP	752	782	819	849			TNNQAMFWLQLASPVAAFLCLSYCCRNLAC
FAV_002333	11019	SW	11020	BFV	SP		11020_BFV_SP	54	84	84	140			PKQKQKRAQKKPKKTPPPKPKKTQKPKKPT
FAV_002334	11019	SW	11020	BFV	SP		11020_BFV_SP	773	803	840	872			SYCCRNLACCMKIFLGISGLCVIATQAYEH
FAV_002335	11019	SW	11020	BFV	SP		11020_BFV_SP	792	822	861	891			LCVIATQAYEHSTTMPNQVGIPFKALIERP
FAV_002336	11019	SW	11020	BFV	SP		11020_BFV_SP	813	843	882	912			PFKALIERPGYAALPLSLVVIKSELVPSLV
FAV_002337	11019	SW	11020	BFV	SP		11020_BFV_SP	834	864	903	933			KSELVPSLVQDYITCNYKTVVPSPYIKCCG
FAV_002338	11019	SW	11020	BFV	SP		11020_BFV_SP	855	885	924	954			PSPYIKCCGGAECSHKNEADYKCSVFTGVY
FAV_002339	11019	SW	11020	BFV	SP		11020_BFV_SP	876	906	945	975			KCSVFTGVYPFMWGGAYCFCDTENSQMSEV
FAV_002340	11019	SW	11020	BFV	SP		11020_BFV_SP	897	927	966	996			TENSQMSEVYVTRGESCEADHAIAYQVHTA
FAV_002341	11019	SW	11020	BFV	SP		11020_BFV_SP	918	948	987	1018			AIAYQVHTASLKAQVMISIGELNQTVDVFV
FAV_008400	11019	SC	11020	BFV	SP		ID=POLS_BFV AC=P89946;Q80S23 DE=RecName: Full=Structural polyprotein;AltName: Full=p130;Contains:;RecName: Full=Capsid protein;EC=3.4.21.90 {ECO:0000250|UniProtKB:P03315};AltName: Full=Coat protein;Short=C;Contains:;RecName: Full=Precursor of protein E3/E2;AltName: Full=p62;AltName: Full=pE2;Contains:;RecName: Full=Assembly protein E3;Contains:;RecName: Full=Spike glycoprotein E2;AltName: Full=E2 envelope glycoprotein;Contains:;RecName: Full=6K protein;Contains:;RecName: Full=Spike glycoprotein E1;AltName: Full=E1 envelope glycoprotein OXX=11020,11020,11019,11018	1194	1224					NDAEFPSISTTAWQWLAHTTSGPLTILVVA
FAV_008401	11019	SC	11020	BFV	SP		ID=A0A7D5KF02_BFV AC=A0A7D5KF02 DE=RecName: Full=Togavirin {ECO:0000256|PROSITE-ProRule:PRU01027};EC=3.4.21.90 {ECO:0000256|PROSITE-ProRule:PRU01027};Flags: Precursor OXX=11020,11020,11019,11018	254	284					AAALNITALCVLQNLSFPCGAPPCAPCCYE
FAV_008402	11019	SC	11020	BFV	SP		ID=A0A7D5JWI6_BFV AC=A0A7D5JWI6 DE=RecName: Full=Togavirin {ECO:0000256|PROSITE-ProRule:PRU01027};EC=3.4.21.90 {ECO:0000256|PROSITE-ProRule:PRU01027};Flags: Precursor OXX=11020,11020,11019,11018	956	986					QQSKFILGPISSAWTPFDHKVIVYRDEVYN
FAV_008403	11019	SC	11020	BFV	SP		ID=A0A7D5KF02_BFV AC=A0A7D5KF02 DE=RecName: Full=Togavirin {ECO:0000256|PROSITE-ProRule:PRU01027};EC=3.4.21.90 {ECO:0000256|PROSITE-ProRule:PRU01027};Flags: Precursor OXX=11020,11020,11019,11018	331	361					TRPYIGWCADCGLTGSCPSPVSIEHVWSDA
FAV_008404	11019	SC	11020	BFV	SP		ID=A0A7D5K9P5_BFV AC=A0A7D5K9P5 DE=RecName: Full=Togavirin {ECO:0000256|PROSITE-ProRule:PRU01027};EC=3.4.21.90 {ECO:0000256|PROSITE-ProRule:PRU01027};Flags: Precursor OXX=11020,11020,11019,11018	293	323					LSDHYYHPKYYDLLDSVMHCPQGRRPKRSV
FAV_008405	11019	SC	11020	BFV	NSP		ID=A0A7D5G540_BFV AC=A0A7D5G540 DE=RecName: Full=Non-structural polyprotein {ECO:0000256|ARBA:ARBA00015445};EC=2.7.7.19 {ECO:0000256|ARBA:ARBA00012388};EC=3.1.3.33 {ECO:0000256|ARBA:ARBA00013054};EC=3.1.3.84 {ECO:0000256|ARBA:ARBA00012983};EC=3.6.1.15 {ECO:0000256|ARBA:ARBA00012445};EC=3.6.4.13 {ECO:0000256|ARBA:ARBA00012552};AltName: Full=Non-structural protein 1 {ECO:0000256|ARBA:ARBA00016002};AltName: Full=Non-structural protein 2 {ECO:0000256|ARBA:ARBA00016256};AltName: Full=Non-structural protein 4 {ECO:0000256|ARBA:ARBA00016253};AltName: Full=Polyprotein P123 {ECO:0000256|ARBA:ARBA00021720};AltName: Full=Polyprotein P1234 {ECO:0000256|ARBA:ARBA00015868};AltName: Full=Protease nsP2 {ECO:0000256|ARBA:ARBA00014683};AltName: Full=RNA-directed RNA polymerase nsP4 {ECO:0000256|ARBA:ARBA00017241};AltName: Full=mRNA-capping enzyme nsP1 {ECO:0000256|ARBA:ARBA00018969};Flags: Precursor OXX=11020,11020,11019,11018	1764	1794					EHEIEELTAAPLTFGDFAEGEIQGTGVEFE
FAV_008406	11019	SC	11020	BFV	NSP		ID=POLN_BFV AC=P87515 DE=RecName: Full=Polyprotein P1234;Short=P1234;AltName: Full=Non-structural polyprotein;Contains:;RecName: Full=Polyprotein P123';Short=P123';Contains:;RecName: Full=Polyprotein P123;Short=P123;Contains:;RecName: Full=mRNA-capping enzyme nsP1;EC=2.1.1.- {ECO:0000250|UniProtKB:P27282};EC=2.7.7.- {ECO:0000250|UniProtKB:P03317};AltName: Full=Non-structural protein 1;Contains:;RecName: Full=Protease nsP2;EC=3.1.3.33 {ECO:0000250|UniProtKB:P08411};EC=3.4.22.- {ECO:0000250|UniProtKB:Q8JUX6};EC=3.6.1.15 {ECO:0000250|UniProtKB:Q8JUX6};EC=3.6.4.13 {ECO:0000250|UniProtKB:Q8JUX6};AltName: Full=Non-structural protein 2;Short=nsP2;Contains:;RecName: Full=Non-structural protein 3';Short=nsP3';EC=3.1.3.84 {ECO:0000305};Contains:;RecName: Full=Non-structural protein 3;Short=nsP3;EC=3.1.3.84 {ECO:0000250|UniProtKB:Q8JUX6};Contains:;RecName: Full=RNA-directed RNA polymerase nsP4;EC=2.7.7.19 {ECO:0000250|UniProtKB:P03317};EC=2.7.7.48 {ECO:0000255|PROSITE-ProRule:PRU00539};AltName: Full=Non-structural protein 4;Short=nsP4 OXX=11020,11020,11019,11018	1147	1177					THEYRRAARAEEFFTTTRGYTMLLVSEYNM
FAV_008407	11019	SC	11020	BFV	SP		ID=POLS_BFV AC=P89946;Q80S23 DE=RecName: Full=Structural polyprotein;AltName: Full=p130;Contains:;RecName: Full=Capsid protein;EC=3.4.21.90 {ECO:0000250|UniProtKB:P03315};AltName: Full=Coat protein;Short=C;Contains:;RecName: Full=Precursor of protein E3/E2;AltName: Full=p62;AltName: Full=pE2;Contains:;RecName: Full=Assembly protein E3;Contains:;RecName: Full=Spike glycoprotein E2;AltName: Full=E2 envelope glycoprotein;Contains:;RecName: Full=6K protein;Contains:;RecName: Full=Spike glycoprotein E1;AltName: Full=E1 envelope glycoprotein OXX=11020,11020,11019,11018	13	43					WRPAPVQRYIPQPQPPAPPRRRRGPSQLQQ
FAV_008408	11019	SC	11020	BFV	NSP		ID=POLN_BFV AC=P87515 DE=RecName: Full=Polyprotein P1234;Short=P1234;AltName: Full=Non-structural polyprotein;Contains:;RecName: Full=Polyprotein P123';Short=P123';Contains:;RecName: Full=Polyprotein P123;Short=P123;Contains:;RecName: Full=mRNA-capping enzyme nsP1;EC=2.1.1.- {ECO:0000250|UniProtKB:P27282};EC=2.7.7.- {ECO:0000250|UniProtKB:P03317};AltName: Full=Non-structural protein 1;Contains:;RecName: Full=Protease nsP2;EC=3.1.3.33 {ECO:0000250|UniProtKB:P08411};EC=3.4.22.- {ECO:0000250|UniProtKB:Q8JUX6};EC=3.6.1.15 {ECO:0000250|UniProtKB:Q8JUX6};EC=3.6.4.13 {ECO:0000250|UniProtKB:Q8JUX6};AltName: Full=Non-structural protein 2;Short=nsP2;Contains:;RecName: Full=Non-structural protein 3';Short=nsP3';EC=3.1.3.84 {ECO:0000305};Contains:;RecName: Full=Non-structural protein 3;Short=nsP3;EC=3.1.3.84 {ECO:0000250|UniProtKB:Q8JUX6};Contains:;RecName: Full=RNA-directed RNA polymerase nsP4;EC=2.7.7.19 {ECO:0000250|UniProtKB:P03317};EC=2.7.7.48 {ECO:0000255|PROSITE-ProRule:PRU00539};AltName: Full=Non-structural protein 4;Short=nsP4 OXX=11020,11020,11019,11018	170	200					AYWIGFDTTPFMYDALAGAYPLYSTNWADE
